<?xml version="1.0" encoding="UTF-8"?>
<files psalm-version="5.21.1@8c473e2437be8b6a8fd8f630f0f11a16b114c494">
  <file src="tests/Mocks/DbalDriverCompatibility.php">
    <DuplicateClass>
      <code>DbalDriverCompatibility</code>
    </DuplicateClass>
  </file>
  <file src="tests/Mocks/DbalPlatformCompatibility.php">
    <DuplicateClass>
      <code>DbalPlatformCompatibility</code>
    </DuplicateClass>
    <UndefinedClass>
      <code>NotSupported</code>
      <code>NotSupported</code>
      <code>NotSupported</code>
      <code>NotSupported</code>
      <code>NotSupported</code>
      <code>NotSupported</code>
      <code>NotSupported</code>
      <code>NotSupported</code>
      <code>NotSupported</code>
      <code>NotSupported</code>
      <code>NotSupported</code>
    </UndefinedClass>
  </file>
</files>
